UserName,EmailId
John Doe,john.doe@example.com
Jane Smith,jane.smith@example.com
Siva,siva@gmail.com
Mahan,mahan@gmail.com
kannan,kannan@gmail.com
John Doe,john.doe@example.com
Jane Smith,jane.smith@example.com
Siva,siva@gmail.com
Mahan,mahan@gmail.com
kannan,kannan@gmail.com
13,nagaraja
John Doe,john.doe@example.com
Jane Smith,jane.smith@example.com
Siva,siva@gmail.com
Mahan,mahan@gmail.com
kannan,kannan@gmail.com
nagaraja,nagaraja@gmail.com
John Doe,john.doe@example.com
Jane Smith,jane.smith@example.com
Siva,siva@gmail.com
Mahan,mahan@gmail.com
kannan,kannan@gmail.com
nagaraja,nagaraja@gmail.com
mani,mani@gmail.com
alagu,alagu@gmail.com
karthi,karthi@gmail.com
obama,obama@gmail.com
hello,hello@gmail.com
John Doe,john.doe@example.com
Jane Smith,jane.smith@example.com
Siva,siva@gmail.com
Mahan,mahan@gmail.com
kannan,kannan@gmail.com
John Doe,john.doe@example.com
Jane Smith,jane.smith@example.com
Siva,siva@gmail.com
Mahan,mahan@gmail.com
kannan,kannan@gmail.com
13,nagaraja
John Doe,john.doe@example.com
Jane Smith,jane.smith@example.com
Siva,siva@gmail.com
Mahan,mahan@gmail.com
kannan,kannan@gmail.com
nagaraja,nagaraja@gmail.com
John Doe,john.doe@example.com
Jane Smith,jane.smith@example.com
Siva,siva@gmail.com
Mahan,mahan@gmail.com
kannan,kannan@gmail.com
nagaraja,nagaraja@gmail.com
mani,mani@gmail.com
alagu,alagu@gmail.com
karthi,karthi@gmail.com
obama,obama@gmail.com
hello,hello@gmail.com
Bala,Bala@gmail.com
Bala,Bala@gmail.com
Hala,Hala@gmail.com
cee,cee@gmail.com
ce,ce@gmail.com
abc,abc@gmail.com
